Workbook
Name Slicer_Diabetes_Status: #N/A
Name Slicer_Wight_Status: #N/A

Sheet Customer Names
A1: Customer ID | B1: Title | C1: First Name | D1: Last Name
A2: Id1 | B2: Ms. | C2: Hawks | D2: Kelly
A3: Id2 | B3: Mr. | C3: Lehner | D3: Matthew D
A4: Id3 | B4: Mr. | C4: Lu | D4: Phil
A5: Id4 | B5: Ms. | C5: Osborne | D5: Kelsey
A6: Id5 | B6: Ms. | C6: Kadala | D6: Kristyn
A7: Id6 | B7: Mr. | C7: Baker | D7: Russell B
A8: Id7 | B8: Mr. | C8: Macpherson | D8: Scott
A9: Id8 | B9: Mr. | C9: Hallman | D9: Stephen
A10: Id9 | B10: Mr. | C10: Moran | D10: Patrick R
A11: Id10 | B11: Ms.. | C11: Benner | D11: Brooke N
A12: Id11 | B12: Ms.. | C12: Fierro Vargas | D12: Paola Andrea
... A2336: Id2335 | B2336: Mr. | C2336: German | D2336: Aaron K

Sheet Medical Examinations
A1: Customer ID | B1: BMI | C1: Wight Status | D1: HBA1C | E1: Diabetes Status | F1: Heart Issues | G1: Any Transplants | H1: Cancer history | I1: NumberOfMajorSurgeries | J1: smoker
A2: Id1 | B2: 47.41 | C2: =IF(Table8[[#This Row],[BMI]]<18.5,"Under Weight",IF(Table8[[#This Row],[BMI]]<25,"Normal Weight",IF(Table8[[#This Row],[BMI]]<30,"Over Weight","Obesity"))) -> Obesity | D2: 7.47 | E2: =IF(Table8[[#This Row],[HBA1C]]<5.7,"Normal",IF(Table8[[#This Row],[HBA1C]]<6.5,"Prediabetes","Diabetes")) -> Diabetes | F2: No | G2: No | H2: No | I2: 0 | J2: Yes
A3: Id2 | B3: 30.36 | C3: =IF(Table8[[#This Row],[BMI]]<18.5,"Under Weight",IF(Table8[[#This Row],[BMI]]<25,"Normal Weight",IF(Table8[[#This Row],[BMI]]<30,"Over Weight","Obesity"))) -> Obesity | D3: 5.77 | E3: =IF(Table8[[#This Row],[HBA1C]]<5.7,"Normal",IF(Table8[[#This Row],[HBA1C]]<6.5,"Prediabetes","Diabetes")) -> Prediabetes | F3: No | G3: No | H3: No | I3: 0 | J3: Yes
A4: Id3 | B4: 34.485 | C4: =IF(Table8[[#This Row],[BMI]]<18.5,"Under Weight",IF(Table8[[#This Row],[BMI]]<25,"Normal Weight",IF(Table8[[#This Row],[BMI]]<30,"Over Weight","Obesity"))) -> Obesity | D4: 11.87 | E4: =IF(Table8[[#This Row],[HBA1C]]<5.7,"Normal",IF(Table8[[#This Row],[HBA1C]]<6.5,"Prediabetes","Diabetes")) -> Diabetes | F4: Yes | G4: No | H4: No | I4: 2 | J4: Yes
A5: Id4 | B5: 38.095 | C5: =IF(Table8[[#This Row],[BMI]]<18.5,"Under Weight",IF(Table8[[#This Row],[BMI]]<25,"Normal Weight",IF(Table8[[#This Row],[BMI]]<30,"Over Weight","Obesity"))) -> Obesity | D5: 6.05 | E5: =IF(Table8[[#This Row],[HBA1C]]<5.7,"Normal",IF(Table8[[#This Row],[HBA1C]]<6.5,"Prediabetes","Diabetes")) -> Prediabetes | F5: No | G5: No | H5: No | I5: 0 | J5: Yes
A6: Id5 | B6: 35.53 | C6: =IF(Table8[[#This Row],[BMI]]<18.5,"Under Weight",IF(Table8[[#This Row],[BMI]]<25,"Normal Weight",IF(Table8[[#This Row],[BMI]]<30,"Over Weight","Obesity"))) -> Obesity | D6: 5.45 | E6: =IF(Table8[[#This Row],[HBA1C]]<5.7,"Normal",IF(Table8[[#This Row],[HBA1C]]<6.5,"Prediabetes","Diabetes")) -> Normal | F6: No | G6: No | H6: No | I6: 0 | J6: Yes
A7: Id6 | B7: 32.8 | C7: =IF(Table8[[#This Row],[BMI]]<18.5,"Under Weight",IF(Table8[[#This Row],[BMI]]<25,"Normal Weight",IF(Table8[[#This Row],[BMI]]<30,"Over Weight","Obesity"))) -> Obesity | D7: 6.59 | E7: =IF(Table8[[#This Row],[HBA1C]]<5.7,"Normal",IF(Table8[[#This Row],[HBA1C]]<6.5,"Prediabetes","Diabetes")) -> Diabetes | F7: No | G7: No | H7: No | I7: 0 | J7: Yes
A8: Id7 | B8: 36.4 | C8: =IF(Table8[[#This Row],[BMI]]<18.5,"Under Weight",IF(Table8[[#This Row],[BMI]]<25,"Normal Weight",IF(Table8[[#This Row],[BMI]]<30,"Over Weight","Obesity"))) -> Obesity | D8: 6.07 | E8: =IF(Table8[[#This Row],[HBA1C]]<5.7,"Normal",IF(Table8[[#This Row],[HBA1C]]<6.5,"Prediabetes","Diabetes")) -> Prediabetes | F8: No | G8: No | H8: No | I8: 0 | J8: Yes
A9: Id8 | B9: 36.96 | C9: =IF(Table8[[#This Row],[BMI]]<18.5,"Under Weight",IF(Table8[[#This Row],[BMI]]<25,"Normal Weight",IF(Table8[[#This Row],[BMI]]<30,"Over Weight","Obesity"))) -> Obesity | D9: 7.93 | E9: =IF(Table8[[#This Row],[HBA1C]]<5.7,"Normal",IF(Table8[[#This Row],[HBA1C]]<6.5,"Prediabetes","Diabetes")) -> Diabetes | F9: No | G9: No | H9: No | I9: 3 | J9: Yes
A10: Id9 | B10: 41.14 | C10: =IF(Table8[[#This Row],[BMI]]<18.5,"Under Weight",IF(Table8[[#This Row],[BMI]]<25,"Normal Weight",IF(Table8[[#This Row],[BMI]]<30,"Over Weight","Obesity"))) -> Obesity | D10: 9.58 | E10: =IF(Table8[[#This Row],[HBA1C]]<5.7,"Normal",IF(Table8[[#This Row],[HBA1C]]<6.5,"Prediabetes","Diabetes")) -> Diabetes | F10: Yes | G10: No | H10: Yes | I10: 1 | J10: Yes
A11: Id10 | B11: 38.06 | C11: =IF(Table8[[#This Row],[BMI]]<18.5,"Under Weight",IF(Table8[[#This Row],[BMI]]<25,"Normal Weight",IF(Table8[[#This Row],[BMI]]<30,"Over Weight","Obesity"))) -> Obesity | D11: 10.79 | E11: =IF(Table8[[#This Row],[HBA1C]]<5.7,"Normal",IF(Table8[[#This Row],[HBA1C]]<6.5,"Prediabetes","Diabetes")) -> Diabetes | F11: No | G11: No | H11: No | I11: 0 | J11: Yes
A12: Id11 | B12: 37.7 | C12: =IF(Table8[[#This Row],[BMI]]<18.5,"Under Weight",IF(Table8[[#This Row],[BMI]]<25,"Normal Weight",IF(Table8[[#This Row],[BMI]]<30,"Over Weight","Obesity"))) -> Obesity | D12: 5.96 | E12: =IF(Table8[[#This Row],[HBA1C]]<5.7,"Normal",IF(Table8[[#This Row],[HBA1C]]<6.5,"Prediabetes","Diabetes")) -> Prediabetes | F12: Yes | G12: No | H12: No | I12: 2 | J12: Yes
A13: Id12 | B13: 42.13 | C13: =IF(Table8[[#This Row],[BMI]]<18.5,"Under Weight",IF(Table8[[#This Row],[BMI]]<25,"Normal Weight",IF(Table8[[#This Row],[BMI]]<30,"Over Weight","Obesity"))) -> Obesity | D13: 11.9 | E13: =IF(Table8[[#This Row],[HBA1C]]<5.7,"Normal",IF(Table8[[#This Row],[HBA1C]]<6.5,"Prediabetes","Diabetes")) -> Diabetes | F13: No | G13: No | H13: No | I13: 0 | J13: Yes
... A2336: Id2335 | B2336: 17.58 | C2336: =IF(Table8[[#This Row],[BMI]]<18.5,"Under Weight",IF(Table8[[#This Row],[BMI]]<25,"Normal Weight",IF(Table8[[#This Row],[BMI]]<30,"Over Weight","Obesity"))) -> Under Weight | D2336: 4.51 | E2336: =IF(Table8[[#This Row],[HBA1C]]<5.7,"Normal",IF(Table8[[#This Row],[HBA1C]]<6.5,"Prediabetes","Diabetes")) -> Normal | F2336: No | G2336: No | H2336: No | I2336: 1 | J2336: No

Sheet Hospitalisation Details
A1: Customer ID | B1: year | C1: month | D1: date | E1: Date Of Birth | F1: Age | G1: children | H1: charges | I1: Hospital tier | J1: City tier | K1: State ID
A2: Id2335 | B2: 1992 | C2: Jul | D2: 9 | E2: =CONCATENATE(Table1[[#This Row],[date]],"-",Table1[[#This Row],[month]],"-",Table1[[#This Row],[year]]) -> 9-Jul-1992 | F2: =DATEDIF(Table1[[#This Row],[Date Of Birth]],DATE(2023,6,8),"Y") -> 30 | G2: 0 | H2: 563.84 | I2: tier - 2 | J2: tier - 3 | K2: R1013
A3: Id2334 | B3: 1992 | C3: Nov | D3: 30 | E3: =CONCATENATE(Table1[[#This Row],[date]],"-",Table1[[#This Row],[month]],"-",Table1[[#This Row],[year]]) -> 30-Nov-1992 | F3: =DATEDIF(Table1[[#This Row],[Date Of Birth]],DATE(2023,6,8),"Y") -> 30 | G3: 0 | H3: 570.62 | I3: tier - 2 | J3: tier - 1 | K3: R1013
A4: Id2333 | B4: 1993 | C4: Jun | D4: 30 | E4: =CONCATENATE(Table1[[#This Row],[date]],"-",Table1[[#This Row],[month]],"-",Table1[[#This Row],[year]]) -> 30-Jun-1993 | F4: =DATEDIF(Table1[[#This Row],[Date Of Birth]],DATE(2023,6,8),"Y") -> 29 | G4: 0 | H4: 600 | I4: tier - 2 | J4: tier - 1 | K4: R1013
A5: Id2332 | B5: 1992 | C5: Sep | D5: 13 | E5: =CONCATENATE(Table1[[#This Row],[date]],"-",Table1[[#This Row],[month]],"-",Table1[[#This Row],[year]]) -> 13-Sep-1992 | F5: =DATEDIF(Table1[[#This Row],[Date Of Birth]],DATE(2023,6,8),"Y") -> 30 | G5: 0 | H5: 604.54 | I5: tier - 3 | J5: tier - 3 | K5: R1013
A6: Id2331 | B6: 1998 | C6: Jul | D6: 27 | E6: =CONCATENATE(Table1[[#This Row],[date]],"-",Table1[[#This Row],[month]],"-",Table1[[#This Row],[year]]) -> 27-Jul-1998 | F6: =DATEDIF(Table1[[#This Row],[Date Of Birth]],DATE(2023,6,8),"Y") -> 24 | G6: 0 | H6: 637.26 | I6: tier - 3 | J6: tier - 3 | K6: R1013
A7: Id2330 | B7: 2001 | C7: Nov | D7: 20 | E7: =CONCATENATE(Table1[[#This Row],[date]],"-",Table1[[#This Row],[month]],"-",Table1[[#This Row],[year]]) -> 20-Nov-2001 | F7: =DATEDIF(Table1[[#This Row],[Date Of Birth]],DATE(2023,6,8),"Y") -> 21 | G7: 0 | H7: 646.14 | I7: tier - 3 | J7: tier - 3 | K7: R1012
A8: Id2329 | B8: 1993 | C8: Jun | D8: 1 | E8: =CONCATENATE(Table1[[#This Row],[date]],"-",Table1[[#This Row],[month]],"-",Table1[[#This Row],[year]]) -> 1-Jun-1993 | F8: =DATEDIF(Table1[[#This Row],[Date Of Birth]],DATE(2023,6,8),"Y") -> 30 | G8: 0 | H8: 650 | I8: tier - 3 | J8: tier - 3 | K8: R1013
A9: Id2328 | B9: 1995 | C9: Jul | D9: 4 | E9: =CONCATENATE(Table1[[#This Row],[date]],"-",Table1[[#This Row],[month]],"-",Table1[[#This Row],[year]]) -> 4-Jul-1995 | F9: =DATEDIF(Table1[[#This Row],[Date Of Birth]],DATE(2023,6,8),"Y") -> 27 | G9: 0 | H9: 650 | I9: tier - 3 | J9: tier - 3 | K9: R1013
A10: Id2327 | B10: 2002 | C10: Nov | D10: 29 | E10: =CONCATENATE(Table1[[#This Row],[date]],"-",Table1[[#This Row],[month]],"-",Table1[[#This Row],[year]]) -> 29-Nov-2002 | F10: =DATEDIF(Table1[[#This Row],[Date Of Birth]],DATE(2023,6,8),"Y") -> 20 | G10: 0 | H10: 668 | I10: tier - 3 | J10: tier - 2 | K10: R1012
A11: Id2326 | B11: 1997 | C11: Nov | D11: 9 | E11: =CONCATENATE(Table1[[#This Row],[date]],"-",Table1[[#This Row],[month]],"-",Table1[[#This Row],[year]]) -> 9-Nov-1997 | F11: =DATEDIF(Table1[[#This Row],[Date Of Birth]],DATE(2023,6,8),"Y") -> 25 | G11: 0 | H11: 670 | I11: tier - 3 | J11: tier - 3 | K11: R1013
A12: Id2325 | B12: 2001 | C12: Sep | D12: 12 | E12: =CONCATENATE(Table1[[#This Row],[date]],"-",Table1[[#This Row],[month]],"-",Table1[[#This Row],[year]]) -> 12-Sep-2001 | F12: =DATEDIF(Table1[[#This Row],[Date Of Birth]],DATE(2023,6,8),"Y") -> 21 | G12: 0 | H12: 687.54 | I12: tier - 3 | J12: tier - 2 | K12: R1013
A13: Id2324 | B13: 1999 | C13: Dec | D13: 26 | E13: =CONCATENATE(Table1[[#This Row],[date]],"-",Table1[[#This Row],[month]],"-",Table1[[#This Row],[year]]) -> 26-Dec-1999 | F13: =DATEDIF(Table1[[#This Row],[Date Of Birth]],DATE(2023,6,8),"Y") -> 23 | G13: 0 | H13: 700 | I13: tier - 2 | J13: tier - 3 | K13: R1013
... A2344: Id1 | B2344: 1968 | C2344: Oct | D2344: 12 | E2344: =CONCATENATE(Table1[[#This Row],[date]],"-",Table1[[#This Row],[month]],"-",Table1[[#This Row],[year]]) -> 12-Oct-1968 | F2344: =DATEDIF(Table1[[#This Row],[Date Of Birth]],DATE(2023,6,8),"Y") -> 54 | G2344: 0 | H2344: 63770.43 | I2344: tier - 1 | J2344: tier - 3 | K2344: R1013

Sheet Healthcare
A1: Customer ID | B1: First Name | C1: BMI | D1: HBA1C | E1: Heart Issues | F1: Any Transplants | G1: Cancer history | H1: NumberOfMajorSurgeries | I1: smoker | J1: Wight Status | K1: Diabetes Status | L1: Date Of Birth | M1: charges | N1: Hospital tier | O1: City tier | P1: State ID | Q1: Age
A2: Id1 | B2: =VLOOKUP('Customer Names'!A2,'Customer Names'!A2:C2336,3,FALSE) -> Hawks | C2: =VLOOKUP(Table8[[#This Row],[Customer ID]],Table8[[Customer ID]:[BMI]],2,FALSE) -> 47.41 | D2: =VLOOKUP(Table8[[#This Row],[Customer ID]],Table8[[Customer ID]:[HBA1C]],4,FALSE) -> 7.47 | E2: =VLOOKUP(Table8[[#This Row],[Customer ID]],Table8[[Customer ID]:[Heart Issues]],6,FALSE) -> No | F2: =VLOOKUP(Table8[[#This Row],[Customer ID]],Table8[[Customer ID]:[Any Transplants]],7,FALSE) -> No | G2: =VLOOKUP(Table8[[#This Row],[Customer ID]],Table8[[Customer ID]:[Cancer history]],8,FALSE) -> No | H2: =VLOOKUP(Table8[[#This Row],[Customer ID]],Table8[[Customer ID]:[NumberOfMajorSurgeries]],9,FALSE) -> 0 | I2: =VLOOKUP(Table8[[#This Row],[Customer ID]],Table8[],10,FALSE) -> Yes | J2: =VLOOKUP(Table8[[#This Row],[Customer ID]],Table8[[Customer ID]:[Wight Status]],3,FALSE) -> Obesity | K2: =VLOOKUP(Table8[[#This Row],[Customer ID]],Table8[[Customer ID]:[Diabetes Status]],5,FALSE) -> Diabetes | L2: =VLOOKUP(A2,Table1[[Customer ID]:[Date Of Birth]],5,FALSE) -> 12-Oct-1968 | M2: =VLOOKUP(A2,Table1[[Customer ID]:[charges]],8,FALSE) -> 63770.43 | N2: =VLOOKUP(Healthcare!A2,Table1[[Customer ID]:[Hospital tier]],9,FALSE) -> tier - 1 | O2: =VLOOKUP(A2,Table1[[Customer ID]:[City tier]],10,FALSE) -> tier - 3 | P2: =VLOOKUP(Healthcare!A2,Table1[],11,FALSE) -> R1013 | Q2: =VLOOKUP(Healthcare!A2,Table1[[Customer ID]:[Age]],6,FALSE) -> 54
A3: Id2 | B3: =VLOOKUP('Customer Names'!A3,'Customer Names'!A3:C2337,3,FALSE) -> Lehner | C3: =VLOOKUP(Table8[[#This Row],[Customer ID]],Table8[[Customer ID]:[BMI]],2,FALSE) -> 30.36 | D3: =VLOOKUP(Table8[[#This Row],[Customer ID]],Table8[[Customer ID]:[HBA1C]],4,FALSE) -> 5.77 | E3: =VLOOKUP(Table8[[#This Row],[Customer ID]],Table8[[Customer ID]:[Heart Issues]],6,FALSE) -> No | F3: =VLOOKUP(Table8[[#This Row],[Customer ID]],Table8[[Customer ID]:[Any Transplants]],7,FALSE) -> No | G3: =VLOOKUP(Table8[[#This Row],[Customer ID]],Table8[[Customer ID]:[Cancer history]],8,FALSE) -> No | H3: =VLOOKUP(Table8[[#This Row],[Customer ID]],Table8[[Customer ID]:[NumberOfMajorSurgeries]],9,FALSE) -> 0 | I3: =VLOOKUP(Table8[[#This Row],[Customer ID]],Table8[],10,FALSE) -> Yes | J3: =VLOOKUP(Table8[[#This Row],[Customer ID]],Table8[[Customer ID]:[Wight Status]],3,FALSE) -> Obesity | K3: =VLOOKUP(Table8[[#This Row],[Customer ID]],Table8[[Customer ID]:[Diabetes Status]],5,FALSE) -> Prediabetes | L3: =VLOOKUP(A3,Table1[[Customer ID]:[Date Of Birth]],5,FALSE) -> 8-Jun-1977 | M3: =VLOOKUP(A3,Table1[[Customer ID]:[charges]],8,FALSE) -> 62592.87 | N3: =VLOOKUP(Healthcare!A3,Table1[[Customer ID]:[Hospital tier]],9,FALSE) -> tier - 2 | O3: =VLOOKUP(A3,Table1[[Customer ID]:[City tier]],10,FALSE) -> tier - 3 | P3: =VLOOKUP(Healthcare!A3,Table1[],11,FALSE) -> R1013 | Q3: =VLOOKUP(Healthcare!A3,Table1[[Customer ID]:[Age]],6,FALSE) -> 46
A4: Id3 | B4: =VLOOKUP('Customer Names'!A4,'Customer Names'!A4:C2338,3,FALSE) -> Lu | C4: =VLOOKUP(Table8[[#This Row],[Customer ID]],Table8[[Customer ID]:[BMI]],2,FALSE) -> 34.485 | D4: =VLOOKUP(Table8[[#This Row],[Customer ID]],Table8[[Customer ID]:[HBA1C]],4,FALSE) -> 11.87 | E4: =VLOOKUP(Table8[[#This Row],[Customer ID]],Table8[[Customer ID]:[Heart Issues]],6,FALSE) -> Yes | F4: =VLOOKUP(Table8[[#This Row],[Customer ID]],Table8[[Customer ID]:[Any Transplants]],7,FALSE) -> No | G4: =VLOOKUP(Table8[[#This Row],[Customer ID]],Table8[[Customer ID]:[Cancer history]],8,FALSE) -> No | H4: =VLOOKUP(Table8[[#This Row],[Customer ID]],Table8[[Customer ID]:[NumberOfMajorSurgeries]],9,FALSE) -> 2 | I4: =VLOOKUP(Table8[[#This Row],[Customer ID]],Table8[],10,FALSE) -> Yes | J4: =VLOOKUP(Table8[[#This Row],[Customer ID]],Table8[[Customer ID]:[Wight Status]],3,FALSE) -> Obesity | K4: =VLOOKUP(Table8[[#This Row],[Customer ID]],Table8[[Customer ID]:[Diabetes Status]],5,FALSE) -> Diabetes | L4: =VLOOKUP(A4,Table1[[Customer ID]:[Date Of Birth]],5,FALSE) -> 11-Sep-1970 | M4: =VLOOKUP(A4,Table1[[Customer ID]:[charges]],8,FALSE) -> 60021.4 | N4: =VLOOKUP(Healthcare!A4,Table1[[Customer ID]:[Hospital tier]],9,FALSE) -> tier - 1 | O4: =VLOOKUP(A4,Table1[[Customer ID]:[City tier]],10,FALSE) -> tier - 1 | P4: =VLOOKUP(Healthcare!A4,Table1[],11,FALSE) -> R1012 | Q4: =VLOOKUP(Healthcare!A4,Table1[[Customer ID]:[Age]],6,FALSE) -> 52
A5: Id4 | B5: =VLOOKUP('Customer Names'!A5,'Customer Names'!A5:C2339,3,FALSE) -> Osborne | C5: =VLOOKUP(Table8[[#This Row],[Customer ID]],Table8[[Customer ID]:[BMI]],2,FALSE) -> 38.095 | D5: =VLOOKUP(Table8[[#This Row],[Customer ID]],Table8[[Customer ID]:[HBA1C]],4,FALSE) -> 6.05 | E5: =VLOOKUP(Table8[[#This Row],[Customer ID]],Table8[[Customer ID]:[Heart Issues]],6,FALSE) -> No | F5: =VLOOKUP(Table8[[#This Row],[Customer ID]],Table8[[Customer ID]:[Any Transplants]],7,FALSE) -> No | G5: =VLOOKUP(Table8[[#This Row],[Customer ID]],Table8[[Customer ID]:[Cancer history]],8,FALSE) -> No | H5: =VLOOKUP(Table8[[#This Row],[Customer ID]],Table8[[Customer ID]:[NumberOfMajorSurgeries]],9,FALSE) -> 0 | I5: =VLOOKUP(Table8[[#This Row],[Customer ID]],Table8[],10,FALSE) -> Yes | J5: =VLOOKUP(Table8[[#This Row],[Customer ID]],Table8[[Customer ID]:[Wight Status]],3,FALSE) -> Obesity | K5: =VLOOKUP(Table8[[#This Row],[Customer ID]],Table8[[Customer ID]:[Diabetes Status]],5,FALSE) -> Prediabetes | L5: =VLOOKUP(A5,Table1[[Customer ID]:[Date Of Birth]],5,FALSE) -> 6-Jun-1991 | M5: =VLOOKUP(A5,Table1[[Customer ID]:[charges]],8,FALSE) -> 58571.07 | N5: =VLOOKUP(Healthcare!A5,Table1[[Customer ID]:[Hospital tier]],9,FALSE) -> tier - 1 | O5: =VLOOKUP(A5,Table1[[Customer ID]:[City tier]],10,FALSE) -> tier - 3 | P5: =VLOOKUP(Healthcare!A5,Table1[],11,FALSE) -> R1024 | Q5: =VLOOKUP(Healthcare!A5,Table1[[Customer ID]:[Age]],6,FALSE) -> 32
A6: Id5 | B6: =VLOOKUP('Customer Names'!A6,'Customer Names'!A6:C2340,3,FALSE) -> Kadala | C6: =VLOOKUP(Table8[[#This Row],[Customer ID]],Table8[[Customer ID]:[BMI]],2,FALSE) -> 35.53 | D6: =VLOOKUP(Table8[[#This Row],[Customer ID]],Table8[[Customer ID]:[HBA1C]],4,FALSE) -> 5.45 | E6: =VLOOKUP(Table8[[#This Row],[Customer ID]],Table8[[Customer ID]:[Heart Issues]],6,FALSE) -> No | F6: =VLOOKUP(Table8[[#This Row],[Customer ID]],Table8[[Customer ID]:[Any Transplants]],7,FALSE) -> No | G6: =VLOOKUP(Table8[[#This Row],[Customer ID]],Table8[[Customer ID]:[Cancer history]],8,FALSE) -> No | H6: =VLOOKUP(Table8[[#This Row],[Customer ID]],Table8[[Customer ID]:[NumberOfMajorSurgeries]],9,FALSE) -> 0 | I6: =VLOOKUP(Table8[[#This Row],[Customer ID]],Table8[],10,FALSE) -> Yes | J6: =VLOOKUP(Table8[[#This Row],[Customer ID]],Table8[[Customer ID]:[Wight Status]],3,FALSE) -> Obesity | K6: =VLOOKUP(Table8[[#This Row],[Customer ID]],Table8[[Customer ID]:[Diabetes Status]],5,FALSE) -> Normal | L6: =VLOOKUP(A6,Table1[[Customer ID]:[Date Of Birth]],5,FALSE) -> 19-Jun-1989 | M6: =VLOOKUP(A6,Table1[[Customer ID]:[charges]],8,FALSE) -> 55135.4 | N6: =VLOOKUP(Healthcare!A6,Table1[[Customer ID]:[Hospital tier]],9,FALSE) -> tier - 1 | O6: =VLOOKUP(A6,Table1[[Customer ID]:[City tier]],10,FALSE) -> tier - 2 | P6: =VLOOKUP(Healthcare!A6,Table1[],11,FALSE) -> R1012 | Q6: =VLOOKUP(Healthcare!A6,Table1[[Customer ID]:[Age]],6,FALSE) -> 33
A7: Id6 | B7: =VLOOKUP('Customer Names'!A7,'Customer Names'!A7:C2341,3,FALSE) -> Baker | C7: =VLOOKUP(Table8[[#This Row],[Customer ID]],Table8[[Customer ID]:[BMI]],2,FALSE) -> 32.8 | D7: =VLOOKUP(Table8[[#This Row],[Customer ID]],Table8[[Customer ID]:[HBA1C]],4,FALSE) -> 6.59 | E7: =VLOOKUP(Table8[[#This Row],[Customer ID]],Table8[[Customer ID]:[Heart Issues]],6,FALSE) -> No | F7: =VLOOKUP(Table8[[#This Row],[Customer ID]],Table8[[Customer ID]:[Any Transplants]],7,FALSE) -> No | G7: =VLOOKUP(Table8[[#This Row],[Customer ID]],Table8[[Customer ID]:[Cancer history]],8,FALSE) -> No | H7: =VLOOKUP(Table8[[#This Row],[Customer ID]],Table8[[Customer ID]:[NumberOfMajorSurgeries]],9,FALSE) -> 0 | I7: =VLOOKUP(Table8[[#This Row],[Customer ID]],Table8[],10,FALSE) -> Yes | J7: =VLOOKUP(Table8[[#This Row],[Customer ID]],Table8[[Customer ID]:[Wight Status]],3,FALSE) -> Obesity | K7: =VLOOKUP(Table8[[#This Row],[Customer ID]],Table8[[Customer ID]:[Diabetes Status]],5,FALSE) -> Diabetes | L7: =VLOOKUP(A7,Table1[[Customer ID]:[Date Of Birth]],5,FALSE) -> 4-Aug-1962 | M7: =VLOOKUP(A7,Table1[[Customer ID]:[charges]],8,FALSE) -> 52590.83 | N7: =VLOOKUP(Healthcare!A7,Table1[[Customer ID]:[Hospital tier]],9,FALSE) -> tier - 1 | O7: =VLOOKUP(A7,Table1[[Customer ID]:[City tier]],10,FALSE) -> tier - 3 | P7: =VLOOKUP(Healthcare!A7,Table1[],11,FALSE) -> R1011 | Q7: =VLOOKUP(Healthcare!A7,Table1[[Customer ID]:[Age]],6,FALSE) -> 60
A8: Id7 | B8: =VLOOKUP('Customer Names'!A8,'Customer Names'!A8:C2342,3,FALSE) -> Macpherson | C8: =VLOOKUP(Table8[[#This Row],[Customer ID]],Table8[[Customer ID]:[BMI]],2,FALSE) -> 36.4 | D8: =VLOOKUP(Table8[[#This Row],[Customer ID]],Table8[[Customer ID]:[HBA1C]],4,FALSE) -> 6.07 | E8: =VLOOKUP(Table8[[#This Row],[Customer ID]],Table8[[Customer ID]:[Heart Issues]],6,FALSE) -> No | F8: =VLOOKUP(Table8[[#This Row],[Customer ID]],Table8[[Customer ID]:[Any Transplants]],7,FALSE) -> No | G8: =VLOOKUP(Table8[[#This Row],[Customer ID]],Table8[[Customer ID]:[Cancer history]],8,FALSE) -> No | H8: =VLOOKUP(Table8[[#This Row],[Customer ID]],Table8[[Customer ID]:[NumberOfMajorSurgeries]],9,FALSE) -> 0 | I8: =VLOOKUP(Table8[[#This Row],[Customer ID]],Table8[],10,FALSE) -> Yes | J8: =VLOOKUP(Table8[[#This Row],[Customer ID]],Table8[[Customer ID]:[Wight Status]],3,FALSE) -> Obesity | K8: =VLOOKUP(Table8[[#This Row],[Customer ID]],Table8[[Customer ID]:[Diabetes Status]],5,FALSE) -> Prediabetes | L8: =VLOOKUP(A8,Table1[[Customer ID]:[Date Of Birth]],5,FALSE) -> 27-Oct-1994 | M8: =VLOOKUP(A8,Table1[[Customer ID]:[charges]],8,FALSE) -> 51194.56 | N8: =VLOOKUP(Healthcare!A8,Table1[[Customer ID]:[Hospital tier]],9,FALSE) -> tier - 1 | O8: =VLOOKUP(A8,Table1[[Customer ID]:[City tier]],10,FALSE) -> tier - 3 | P8: =VLOOKUP(Healthcare!A8,Table1[],11,FALSE) -> R1011 | Q8: =VLOOKUP(Healthcare!A8,Table1[[Customer ID]:[Age]],6,FALSE) -> 28
A9: Id8 | B9: =VLOOKUP('Customer Names'!A9,'Customer Names'!A9:C2343,3,FALSE) -> Hallman | C9: =VLOOKUP(Table8[[#This Row],[Customer ID]],Table8[[Customer ID]:[BMI]],2,FALSE) -> 36.96 | D9: =VLOOKUP(Table8[[#This Row],[Customer ID]],Table8[[Customer ID]:[HBA1C]],4,FALSE) -> 7.93 | E9: =VLOOKUP(Table8[[#This Row],[Customer ID]],Table8[[Customer ID]:[Heart Issues]],6,FALSE) -> No | F9: =VLOOKUP(Table8[[#This Row],[Customer ID]],Table8[[Customer ID]:[Any Transplants]],7,FALSE) -> No | G9: =VLOOKUP(Table8[[#This Row],[Customer ID]],Table8[[Customer ID]:[Cancer history]],8,FALSE) -> No | H9: =VLOOKUP(Table8[[#This Row],[Customer ID]],Table8[[Customer ID]:[NumberOfMajorSurgeries]],9,FALSE) -> 3 | I9: =VLOOKUP(Table8[[#This Row],[Customer ID]],Table8[],10,FALSE) -> Yes | J9: =VLOOKUP(Table8[[#This Row],[Customer ID]],Table8[[Customer ID]:[Wight Status]],3,FALSE) -> Obesity | K9: =VLOOKUP(Table8[[#This Row],[Customer ID]],Table8[[Customer ID]:[Diabetes Status]],5,FALSE) -> Diabetes | L9: =VLOOKUP(A9,Table1[[Customer ID]:[Date Of Birth]],5,FALSE) -> 27-Jun-1958 | M9: =VLOOKUP(A9,Table1[[Customer ID]:[charges]],8,FALSE) -> 49577.66 | N9: =VLOOKUP(Healthcare!A9,Table1[[Customer ID]:[Hospital tier]],9,FALSE) -> tier - 2 | O9: =VLOOKUP(A9,Table1[[Customer ID]:[City tier]],10,FALSE) -> tier - 2 | P9: =VLOOKUP(Healthcare!A9,Table1[],11,FALSE) -> R1013 | Q9: =VLOOKUP(Healthcare!A9,Table1[[Customer ID]:[Age]],6,FALSE) -> 64
A10: Id9 | B10: =VLOOKUP('Customer Names'!A10,'Customer Names'!A10:C2344,3,FALSE) -> Moran | C10: =VLOOKUP(Table8[[#This Row],[Customer ID]],Table8[[Customer ID]:[BMI]],2,FALSE) -> 41.14 | D10: =VLOOKUP(Table8[[#This Row],[Customer ID]],Table8[[Customer ID]:[HBA1C]],4,FALSE) -> 9.58 | E10: =VLOOKUP(Table8[[#This Row],[Customer ID]],Table8[[Customer ID]:[Heart Issues]],6,FALSE) -> Yes | F10: =VLOOKUP(Table8[[#This Row],[Customer ID]],Table8[[Customer ID]:[Any Transplants]],7,FALSE) -> No | G10: =VLOOKUP(Table8[[#This Row],[Customer ID]],Table8[[Customer ID]:[Cancer history]],8,FALSE) -> Yes | H10: =VLOOKUP(Table8[[#This Row],[Customer ID]],Table8[[Customer ID]:[NumberOfMajorSurgeries]],9,FALSE) -> 1 | I10: =VLOOKUP(Table8[[#This Row],[Customer ID]],Table8[],10,FALSE) -> Yes | J10: =VLOOKUP(Table8[[#This Row],[Customer ID]],Table8[[Customer ID]:[Wight Status]],3,FALSE) -> Obesity | K10: =VLOOKUP(Table8[[#This Row],[Customer ID]],Table8[[Customer ID]:[Diabetes Status]],5,FALSE) -> Diabetes | L10: =VLOOKUP(A10,Table1[[Customer ID]:[Date Of Birth]],5,FALSE) -> 4-Sep-1963 | M10: =VLOOKUP(A10,Table1[[Customer ID]:[charges]],8,FALSE) -> 48970.25 | N10: =VLOOKUP(Healthcare!A10,Table1[[Customer ID]:[Hospital tier]],9,FALSE) -> tier - 1 | O10: =VLOOKUP(A10,Table1[[Customer ID]:[City tier]],10,FALSE) -> tier - 2 | P10: =VLOOKUP(Healthcare!A10,Table1[],11,FALSE) -> R1013 | Q10: =VLOOKUP(Healthcare!A10,Table1[[Customer ID]:[Age]],6,FALSE) -> 59
A11: Id10 | B11: =VLOOKUP('Customer Names'!A11,'Customer Names'!A11:C2345,3,FALSE) -> Benner | C11: =VLOOKUP(Table8[[#This Row],[Customer ID]],Table8[[Customer ID]:[BMI]],2,FALSE) -> 38.06 | D11: =VLOOKUP(Table8[[#This Row],[Customer ID]],Table8[[Customer ID]:[HBA1C]],4,FALSE) -> 10.79 | E11: =VLOOKUP(Table8[[#This Row],[Customer ID]],Table8[[Customer ID]:[Heart Issues]],6,FALSE) -> No | F11: =VLOOKUP(Table8[[#This Row],[Customer ID]],Table8[[Customer ID]:[Any Transplants]],7,FALSE) -> No | G11: =VLOOKUP(Table8[[#This Row],[Customer ID]],Table8[[Customer ID]:[Cancer history]],8,FALSE) -> No | H11: =VLOOKUP(Table8[[#This Row],[Customer ID]],Table8[[Customer ID]:[NumberOfMajorSurgeries]],9,FALSE) -> 0 | I11: =VLOOKUP(Table8[[#This Row],[Customer ID]],Table8[],10,FALSE) -> Yes | J11: =VLOOKUP(Table8[[#This Row],[Customer ID]],Table8[[Customer ID]:[Wight Status]],3,FALSE) -> Obesity | K11: =VLOOKUP(Table8[[#This Row],[Customer ID]],Table8[[Customer ID]:[Diabetes Status]],5,FALSE) -> Diabetes | L11: =VLOOKUP(A11,Table1[[Customer ID]:[Date Of Birth]],5,FALSE) -> 29-Dec-1978 | M11: =VLOOKUP(A11,Table1[[Customer ID]:[charges]],8,FALSE) -> 48885.14 | N11: =VLOOKUP(Healthcare!A11,Table1[[Customer ID]:[Hospital tier]],9,FALSE) -> tier - 1 | O11: =VLOOKUP(A11,Table1[[Customer ID]:[City tier]],10,FALSE) -> tier - 2 | P11: =VLOOKUP(Healthcare!A11,Table1[],11,FALSE) -> R1013 | Q11: =VLOOKUP(Healthcare!A11,Table1[[Customer ID]:[Age]],6,FALSE) -> 44
A12: Id11 | B12: =VLOOKUP('Customer Names'!A12,'Customer Names'!A12:C2346,3,FALSE) -> Fierro Vargas | C12: =VLOOKUP(Table8[[#This Row],[Customer ID]],Table8[[Customer ID]:[BMI]],2,FALSE) -> 37.7 | D12: =VLOOKUP(Table8[[#This Row],[Customer ID]],Table8[[Customer ID]:[HBA1C]],4,FALSE) -> 5.96 | E12: =VLOOKUP(Table8[[#This Row],[Customer ID]],Table8[[Customer ID]:[Heart Issues]],6,FALSE) -> Yes | F12: =VLOOKUP(Table8[[#This Row],[Customer ID]],Table8[[Customer ID]:[Any Transplants]],7,FALSE) -> No | G12: =VLOOKUP(Table8[[#This Row],[Customer ID]],Table8[[Customer ID]:[Cancer history]],8,FALSE) -> No | H12: =VLOOKUP(Table8[[#This Row],[Customer ID]],Table8[[Customer ID]:[NumberOfMajorSurgeries]],9,FALSE) -> 2 | I12: =VLOOKUP(Table8[[#This Row],[Customer ID]],Table8[],10,FALSE) -> Yes | J12: =VLOOKUP(Table8[[#This Row],[Customer ID]],Table8[[Customer ID]:[Wight Status]],3,FALSE) -> Obesity | K12: =VLOOKUP(Table8[[#This Row],[Customer ID]],Table8[[Customer ID]:[Diabetes Status]],5,FALSE) -> Prediabetes | L12: =VLOOKUP(A12,Table1[[Customer ID]:[Date Of Birth]],5,FALSE) -> 22-Jul-1959 | M12: =VLOOKUP(A12,Table1[[Customer ID]:[charges]],8,FALSE) -> 48824.45 | N12: =VLOOKUP(Healthcare!A12,Table1[[Customer ID]:[Hospital tier]],9,FALSE) -> tier - 2 | O12: =VLOOKUP(A12,Table1[[Customer ID]:[City tier]],10,FALSE) -> tier - 1 | P12: =VLOOKUP(Healthcare!A12,Table1[],11,FALSE) -> R1011 | Q12: =VLOOKUP(Healthcare!A12,Table1[[Customer ID]:[Age]],6,FALSE) -> 63
A13: Id12 | B13: =VLOOKUP('Customer Names'!A13,'Customer Names'!A13:C2347,3,FALSE) -> Franz | C13: =VLOOKUP(Table8[[#This Row],[Customer ID]],Table8[[Customer ID]:[BMI]],2,FALSE) -> 42.13 | D13: =VLOOKUP(Table8[[#This Row],[Customer ID]],Table8[[Customer ID]:[HBA1C]],4,FALSE) -> 11.9 | E13: =VLOOKUP(Table8[[#This Row],[Customer ID]],Table8[[Customer ID]:[Heart Issues]],6,FALSE) -> No | F13: =VLOOKUP(Table8[[#This Row],[Customer ID]],Table8[[Customer ID]:[Any Transplants]],7,FALSE) -> No | G13: =VLOOKUP(Table8[[#This Row],[Customer ID]],Table8[[Customer ID]:[Cancer history]],8,FALSE) -> No | H13: =VLOOKUP(Table8[[#This Row],[Customer ID]],Table8[[Customer ID]:[NumberOfMajorSurgeries]],9,FALSE) -> 0 | I13: =VLOOKUP(Table8[[#This Row],[Customer ID]],Table8[],10,FALSE) -> Yes | J13: =VLOOKUP(Table8[[#This Row],[Customer ID]],Table8[[Customer ID]:[Wight Status]],3,FALSE) -> Obesity | K13: =VLOOKUP(Table8[[#This Row],[Customer ID]],Table8[[Customer ID]:[Diabetes Status]],5,FALSE) -> Diabetes | L13: =VLOOKUP(A13,Table1[[Customer ID]:[Date Of Birth]],5,FALSE) -> 27-Oct-1965 | M13: =VLOOKUP(A13,Table1[[Customer ID]:[charges]],8,FALSE) -> 48675.52 | N13: =VLOOKUP(Healthcare!A13,Table1[[Customer ID]:[Hospital tier]],9,FALSE) -> tier - 1 | O13: =VLOOKUP(A13,Table1[[Customer ID]:[City tier]],10,FALSE) -> tier - 2 | P13: =VLOOKUP(Healthcare!A13,Table1[],11,FALSE) -> R1013 | Q13: =VLOOKUP(Healthcare!A13,Table1[[Customer ID]:[Age]],6,FALSE) -> 57
... A2336: Id2335 | B2336: =VLOOKUP('Customer Names'!A2336,'Customer Names'!A2336:C4670,3,FALSE) -> German | C2336: =VLOOKUP(Table8[[#This Row],[Customer ID]],Table8[[Customer ID]:[BMI]],2,FALSE) -> 17.58 | D2336: =VLOOKUP(Table8[[#This Row],[Customer ID]],Table8[[Customer ID]:[HBA1C]],4,FALSE) -> 4.51 | E2336: =VLOOKUP(Table8[[#This Row],[Customer ID]],Table8[[Customer ID]:[Heart Issues]],6,FALSE) -> No | F2336: =VLOOKUP(Table8[[#This Row],[Customer ID]],Table8[[Customer ID]:[Any Transplants]],7,FALSE) -> No | G2336: =VLOOKUP(Table8[[#This Row],[Customer ID]],Table8[[Customer ID]:[Cancer history]],8,FALSE) -> No | H2336: =VLOOKUP(Table8[[#This Row],[Customer ID]],Table8[[Customer ID]:[NumberOfMajorSurgeries]],9,FALSE) -> 1 | I2336: =VLOOKUP(Table8[[#This Row],[Customer ID]],Table8[],10,FALSE) -> No | J2336: =VLOOKUP(Table8[[#This Row],[Customer ID]],Table8[[Customer ID]:[Wight Status]],3,FALSE) -> Under Weight | K2336: =VLOOKUP(Table8[[#This Row],[Customer ID]],Table8[[Customer ID]:[Diabetes Status]],5,FALSE) -> Normal | L2336: =VLOOKUP(A2336,Table1[[Customer ID]:[Date Of Birth]],5,FALSE) -> 9-Jul-1992 | M2336: =VLOOKUP(A2336,Table1[[Customer ID]:[charges]],8,FALSE) -> 563.84 | N2336: =VLOOKUP(Healthcare!A2336,Table1[[Customer ID]:[Hospital tier]],9,FALSE) -> tier - 2 | O2336: =VLOOKUP(A2336,Table1[[Customer ID]:[City tier]],10,FALSE) -> tier - 3 | P2336: =VLOOKUP(Healthcare!A2336,Table1[],11,FALSE) -> R1013 | Q2336: =VLOOKUP(Healthcare!A2336,Table1[[Customer ID]:[Age]],6,FALSE) -> 30

Sheet Pie Donut Chart 
B3: Count of Customer ID | C3: Column Labels | G3: Count of Customer ID | H3: Column Labels
B4: Row Labels | C4: Yes | D4: Grand Total | G4: Row Labels | H4: No | I4: Grand Total
B5: No | C5: 404 | D5: 404 | G5: No | H5: 1540 | I5: 1540
B6: Yes | C6: 84 | D6: 84 | G6: Yes | H6: 307 | I6: 307
B7: Grand Total | C7: 488 | D7: 488 | G7: Grand Total | H7: 1847 | I7: 1847
B30: Row Labels | C30: Sum of NumberOfMajorSurgeries | G30: Row Labels | H30: Average of HBA1C
B31: No | C31: 1417 | G31: No | H31: 6.6704427
B32: Yes | C32: 162 | G32: Yes | H32: 5.1876389
B33: Grand Total | C33: 1579 | G33: Grand Total | H33: 6.5789979

Sheet Bar Chart
B3: Row Labels | C3: Average of charges
B4: Normal Weight | C4: 9851.9225 | H4: Row Labels | I4: Average of charges
B5: Obesity | C5: 16661.463 | H5: Diabetes | I5: 16120.287
B6: Over Weight | C6: 11435.413 | H6: Normal | I6: 12090.723
B7: Under Weight | C7: 6899.3175 | H7: Prediabetes | I7: 12532.263
B8: Grand Total | C8: 13529.918 | H8: Grand Total | I8: 13529.918
B26: Average of charges | C26: Column Labels
B27: Row Labels | C27: tier - 1 | D27: tier - 2 | E27: tier - 3 | F27: Grand Total
B28: R1011 | C28: 33081.374 | D28: 18997.281 | E28: 9250.3618 | F28: 19466.246
B29: R1012 | C29: 26111.458 | D29: 10334.279 | E29: 10179.942 | F29: 12016.474
B30: R1013 | C30: 31328.102 | D30: 8439.2844 | E30: 6890.7568 | F30: 10514.94
B31: R1014 | C31: 13891.86 | D31: 2395.17 | E31: 16950.485 | F31: 13478.057
B32: R1015 | C32: 21523.52 | D32: 15675.543 | E32: 7570.755 | F32: 13948.61
B33: R1016 | C33: 39868.616 | D33: 16075.963 | E33: 8133.0084 | F33: 13589.263
B34: R1017 | C34: 34070.596 | D34: 11365.622 | E34: 8667.3662 | F34: 14806.108
B35: R1018 | C35: 33475.82 | D35: 10139.553 | E35: 12570.97 | F35: 13272.787
B36: R1019 | C36: 27621.61 | D36: 8116.72 | E36: 12706.976 | F36: 13633.143
B37: R1020 | D37: 6760.5433 | E37: 11716.453 | F37: 9238.4983
B38: R1021 | D38: 7668.1787 | E38: 11518.786 | F38: 8933.3781
B39: R1022 | D39: 10102.027 | E39: 11637.812 | F39: 10650.521
B40: R1023 | C40: 18261.757 | D40: 13457.095 | E40: 12785.637 | F40: 13786.149
B41: R1024 | C41: 32732.187 | D41: 10174.346 | E41: 13360.979 | F41: 12865.149
B42: R1025 | D42: 6886.0368 | E42: 10510.314 | F42: 8788.7823
B43: R1026 | C43: 18709.798 | D43: 11919.608 | E43: 12296.78 | F43: 12489.921
B44: Unknown | C44: 20996.53 | F44: 20996.53
B45: Grand Total | C45: 30129.199 | D45: 11865.269 | E45: 9462.2693 | F45: 13529.918

Sheet Scatter Plot

Sheet All charts
Q2: Average of charges | R2: Column Labels
A3: Count of smoker | B3: Column Labels | G3: Row Labels | H3: Count of NumberOfMajorSurgeries | I3: Average of HBA1C | K3: Average of charges | L3: Column Labels | Q3: Row Labels | R3: tier - 1 | S3: tier - 2 | T3: tier - 3 | U3: Grand Total
A4: Row Labels | B4: No | C4: Yes | D4: Grand Total | G4: No | H4: 2191 | I4: 6.6704427 | K4: Row Labels | L4: Diabetes | M4: Normal | N4: Prediabetes | O4: Grand Total | Q4: R1011 | R4: 33081.374 | S4: 18997.281 | T4: 9250.3618 | U4: 19466.246
A5: No | B5: 1540 | C5: 307 | D5: 1847 | G5: Yes | H5: 144 | I5: 5.1876389 | K5: Normal Weight | L5: 12447.613 | M5: 7938.5057 | N5: 10492.131 | O5: 9851.9225 | Q5: R1012 | R5: 26111.458 | S5: 10334.279 | T5: 10179.942 | U5: 12016.474
A6: Yes | B6: 404 | C6: 84 | D6: 488 | G6: Grand Total | H6: 2335 | I6: 6.5789979 | K6: Obesity | L6: 19347.657 | M6: 15188.437 | N6: 15353.902 | O6: 16661.463 | Q6: R1013 | R6: 31328.102 | S6: 8439.2844 | T6: 6890.7568 | U6: 10514.94
A7: Grand Total | B7: 1944 | C7: 391 | D7: 2335 | K7: Over Weight | L7: 14269.014 | M7: 10327.157 | N7: 9737.9402 | O7: 11435.413 | Q7: R1014 | R7: 13891.86 | S7: 2395.17 | T7: 16950.485 | U7: 13478.057
K8: Under Weight | L8: 7442.9649 | M8: 6911.0056 | N8: 5647.7483 | O8: 6899.3175 | Q8: R1015 | R8: 21523.52 | S8: 15675.543 | T8: 7570.755 | U8: 13948.61
K9: Grand Total | L9: 16120.287 | M9: 12090.723 | N9: 12532.263 | O9: 13529.918 | Q9: R1016 | R9: 39868.616 | S9: 16075.963 | T9: 8133.0084 | U9: 13589.263
Q10: R1017 | R10: 34070.596 | S10: 11365.622 | T10: 8667.3662 | U10: 14806.108
Q11: R1018 | R11: 33475.82 | S11: 10139.553 | T11: 12570.97 | U11: 13272.787
Q12: R1019 | R12: 27621.61 | S12: 8116.72 | T12: 12706.976 | U12: 13633.143
Q13: R1020 | S13: 6760.5433 | T13: 11716.453 | U13: 9238.4983
Q14: R1021 | S14: 7668.1787 | T14: 11518.786 | U14: 8933.3781
Q15: R1022 | S15: 10102.027 | T15: 11637.812 | U15: 10650.521
Q16: R1023 | R16: 18261.757 | S16: 13457.095 | T16: 12785.637 | U16: 13786.149
Q17: R1024 | R17: 32732.187 | S17: 10174.346 | T17: 13360.979 | U17: 12865.149
Q18: R1025 | S18: 6886.0368 | T18: 10510.314 | U18: 8788.7823
Q19: R1026 | R19: 18709.798 | S19: 11919.608 | T19: 12296.78 | U19: 12489.921
Q20: Unknown | R20: 20996.53 | U20: 20996.53
Q21: Grand Total | R21: 30129.199 | S21: 11865.269 | T21: 9462.2693 | U21: 13529.918
A27: Row Labels | B27: Average of BMI | C27: Average of HBA1C | L27: Row Labels | M27: Average of charges
A28: 18 | B28: 31.260372 | C28: 5.1409574 | L28: 18 | M28: 6611.3116
A29: 19 | B29: 29.654186 | C29: 5.1781395 | L29: 19 | M29: 9677.1869
A30: 20 | B30: 28.018276 | C30: 9.3244828 | L30: 20 | M30: 7411.4483
A31: 21 | B31: 29.273721 | C31: 5.1174419 | L31: 21 | M31: 5214.5293
A32: 22 | B32: 32.581827 | C32: 5.2767308 | L32: 22 | M32: 9806.2325
A33: 23 | B33: 30.8293 | C33: 5.1892 | L33: 23 | M33: 11092.934
A34: 24 | B34: 29.0175 | C34: 5.1626087 | L34: 24 | M34: 9765.5713
A35: 25 | B35: 30.344211 | C35: 5.2589474 | L35: 25 | M35: 9184.887
A36: 26 | B36: 30.441364 | C36: 5.1029545 | L36: 26 | M36: 5920.5868
A37: 27 | B37: 30.316275 | C37: 4.9407843 | L37: 27 | M37: 11846.242
A38: 28 | B38: 31.029286 | C38: 5.2207143 | L38: 28 | M38: 9219.8155
A39: 29 | B39: 30.763302 | C39: 5.2043396 | L39: 29 | M39: 9914.8
... A75: 65 | B75: 26.885 | C75: 9.86 | L75: 65 | M75: 29330.98
A76: Grand Total | B76: 30.972649 | C76: 6.5789979 | L76: Grand Total | M76: 13529.918

Sheet Dashboard
A35: Count of smoker | B35: Column Labels
A36: Row Labels | B36: No | C36: Yes | D36: Grand Total
A37: No | B37: 1540 | C37: 307 | D37: 1847
A38: Yes | B38: 404 | C38: 84 | D38: 488
A39: Grand Total | B39: 1944 | C39: 391 | D39: 2335
